{"cameraMode":{"drawMode":0,"name":"Shaded","section":"Shading Mode"},"sceneLighting":true,"audioPlay":false,"sceneViewState":{"m_AlwaysRefresh":false,"showFog":true,"showSkybox":true,"showFlares":true,"showImageEffects":true,"showParticleSystems":true,"showVisualEffectGraphs":true,"m_FxEnabled":true},"in2DMode":false,"pivot":{"x":-7.0273895263671879,"y":-123.99082946777344,"z":182.32980346679688},"rotation":{"x":0.28885215520858767,"y":-0.004866259638220072,"z":0.0008219678420573473,"w":0.9560813903808594},"size":118.20913696289063,"orthographic":false}