{"cameraMode":{"drawMode":0,"name":"Shaded","section":"Shading Mode"},"sceneLighting":true,"audioPlay":false,"sceneViewState":{"m_AlwaysRefresh":false,"showFog":true,"showSkybox":true,"showFlares":true,"showImageEffects":true,"showParticleSystems":true,"showVisualEffectGraphs":true,"m_FxEnabled":true},"in2DMode":false,"pivot":{"x":740.1442260742188,"y":334.8590087890625,"z":-201.25625610351563},"rotation":{"x":-0.04996635392308235,"y":0.00489475904032588,"z":0.003272325498983264,"w":0.9968410134315491},"size":237.69296264648438,"orthographic":false}