{"cameraMode":{"drawMode":0,"name":"Shaded","section":"Shading Mode"},"sceneLighting":true,"audioPlay":false,"sceneViewState":{"m_AlwaysRefresh":false,"showFog":true,"showSkybox":true,"showFlares":true,"showImageEffects":true,"showParticleSystems":true,"showVisualEffectGraphs":true,"m_FxEnabled":true},"in2DMode":false,"pivot":{"x":-132.91342163085938,"y":-41.09625244140625,"z":193.5626983642578},"rotation":{"x":0.08836359530687332,"y":-0.28717684745788576,"z":0.02615712210536003,"w":0.9521284699440002},"size":117.73086547851563,"orthographic":false}