{"cameraMode":{"drawMode":0,"name":"Shaded","section":"Shading Mode"},"sceneLighting":true,"audioPlay":false,"sceneViewState":{"m_AlwaysRefresh":false,"showFog":true,"showSkybox":false,"showFlares":true,"showImageEffects":true,"showParticleSystems":true,"showVisualEffectGraphs":true,"m_FxEnabled":true},"in2DMode":false,"pivot":{"x":-0.0559999942779541,"y":2.2653579711914064,"z":0.2609999179840088},"rotation":{"x":-0.18810144066810609,"y":0.022976400330662729,"z":-0.004441806115210056,"w":-0.9817264080047607},"size":4.359622955322266,"orthographic":false}